timestamp,cpu_usage,memory_usage,network_io,pod_status
2024-01-01 00:00:00,39.963209507789,1562.5501378251000,26.90886268985470,0
2024-01-01 01:00:00,86.05714451279330,4381.017484289030,25.450901108128000,0
2024-01-01 02:00:00,68.5595153449124,6996.272103423630,90.71920347158260,0
2024-01-01 03:00:00,57.89267873576290,5884.576602635530,25.705073785101100,0
2024-01-01 04:00:00,22.48149123539490,6471.833068105450,27.92302288673450,0
2024-01-01 05:00:00,22.479561626896200,5304.3885970146700,76.18042797937840,0
2024-01-01 06:00:00,14.646688973456000,5568.984859691030,45.52424440260350,1
2024-01-01 07:00:00,79.29409166199480,6808.645647366020,77.89434513856290,0
2024-01-01 08:00:00,58.0892009394567,2072.377269987570,7.471249598874140,0
2024-01-01 09:00:00,66.64580622368360,3966.4572127808100,49.269548173665000,0
2024-01-01 10:00:00,11.646759543664200,1847.5545903748600,4.327746418144980,0
2024-01-01 11:00:00,87.59278817295950,7902.577263173510,7.202667142080100,0
2024-01-01 12:00:00,76.59541126403370,7558.068783524250,90.73730788109670,0
2024-01-01 13:00:00,26.987128854262100,411.4718098111970,14.78529174064190,0
2024-01-01 14:00:00,24.54599737656810,5674.043862873940,53.70964754524650,0
2024-01-01 15:00:00,24.672360788274700,7409.46170758376,41.69846465747000,0
2024-01-01 16:00:00,34.33937943676300,1526.5452265059300,35.38698929962540,0
2024-01-01 17:00:00,51.98051453057900,4586.767321365770,90.08350122304000,0
2024-01-01 18:00:00,44.55560149136930,7332.35755094553,3.160516280773460,0
2024-01-01 19:00:00,33.298331215843400,368.17323082781100,66.71517893138330,0
2024-01-01 20:00:00,58.94823157779040,5609.620111250040,96.37604898714150,0
2024-01-01 21:00:00,21.15950885216340,2449.057158243150,56.456650162722400,0
2024-01-01 22:00:00,33.37157188281750,7402.72994347459,93.74542374127610,0
2024-01-01 23:00:00,39.308947463495300,7771.3601368064100,6.173530049316350,0
2024-01-02 00:00:00,46.48559873736290,7559.7052639961300,42.460538588342000,0
2024-01-02 01:00:00,72.81407691144110,3846.292311593960,26.755621305243100,0
2024-01-02 02:00:00,25.973902572668800,6910.136942815580,73.35127553309230,1
2024-01-02 03:00:00,51.13875507308890,6771.940248427060,98.14841195922740,0
2024-01-02 04:00:00,57.3931655089634,2620.8937386217200,26.396476181980500,0
2024-01-02 05:00:00,13.716033017599800,6648.432245790350,65.76328554593340,0
2024-01-02 06:00:00,58.603588152115100,392.36031425239200,20.611665643214300,0
2024-01-02 07:00:00,23.64192989498330,4810.532040008220,56.96769520258940,0
2024-01-02 08:00:00,15.204127438822400,1917.069814572850,46.929316182145300,0
2024-01-02 09:00:00,85.91084298026670,1052.4783976405000,97.22852763352220,0
2024-01-02 10:00:00,87.25056264596480,707.9302928707520,61.24419999695020,0
2024-01-02 11:00:00,74.67178784931690,5600.681329437300,35.60113083659510,0
2024-01-02 12:00:00,34.36910153386970,2785.0122137677200,12.295482703905400,0
2024-01-02 13:00:00,17.81376912051070,5825.657495077220,15.973436044758500,1
2024-01-02 14:00:00,64.73864212097250,616.3150923116450,23.306376065172300,0
2024-01-02 15:00:00,45.21219949916810,2590.7936688618200,25.8456994726895,0
2024-01-02 16:00:00,19.763058787582300,4361.981209765160,85.21098972627260,0
2024-01-02 17:00:00,49.614152808901600,6346.713002227810,56.56105603997000,1
2024-01-02 18:00:00,12.751081689217500,2618.1447731633500,52.815700226062300,0
2024-01-02 19:00:00,82.74563216630260,5044.541873852370,12.36211831505250,0
2024-01-02 20:00:00,30.702398528001400,7099.224211065880,86.15382964159410,0
2024-01-02 21:00:00,63.00178274831860,4965.319186640210,72.55861601763990,0
2024-01-02 22:00:00,34.93688608715290,1940.3798505537100,7.6991678281001600,0
2024-01-02 23:00:00,51.605441694224900,292.7661742966500,71.0756746257471,0
2024-01-03 00:00:00,53.73682234746240,6973.781103817350,54.81028351692200,0
2024-01-03 01:00:00,24.788356442042200,268.0283457180580,9.090809228931050,0
2024-01-03 02:00:00,87.56677022116470,7010.143214205180,46.37176351133700,0
2024-01-03 03:00:00,72.01062586888920,4278.603358814980,48.98493242587470,0
2024-01-03 04:00:00,85.15991532513510,7518.63481825188,17.4116794761643,0
2024-01-03 05:00:00,81.5861880342119,6410.387562611960,94.62411655302800,0
2024-01-03 06:00:00,57.83199830488680,7983.679473213370,85.14756177658550,0
2024-01-03 07:00:00,83.74993880184930,2870.6233420685100,67.23321139558170,1
2024-01-03 08:00:00,17.07940016415360,6160.787482555900,46.76726053906010,0
2024-01-03 09:00:00,25.678628993531600,3275.254217513010,41.76478861686630,0
2024-01-03 10:00:00,13.618183112843000,3891.01740040088,65.44637324794450,0
2024-01-03 11:00:00,36.02642646106120,5057.293159425120,54.99775507128360,1
2024-01-03 12:00:00,41.09418317515860,7002.049202072080,7.165037482306680,0
2024-01-03 13:00:00,31.70792254191170,7874.259406674430,51.73776222826280,0
2024-01-03 14:00:00,76.29900073215440,6169.359969529690,80.83395810605110,0
2024-01-03 15:00:00,38.540266135487100,3400.357579121940,46.46474788209890,0
2024-01-03 16:00:00,32.47476077499050,3428.7203179888500,6.143701177872570,0
2024-01-03 17:00:00,53.41568665265990,5926.900182552240,78.84154173901930,0
2024-01-03 18:00:00,21.27393799798100,1986.3394515695900,20.935014431461500,0
2024-01-03 19:00:00,74.17575846032320,972.7454937380180,26.603462653915800,1
2024-01-03 20:00:00,15.964051494381700,2901.5150453621300,17.305928989797300,0
2024-01-03 21:00:00,88.95095492804140,2369.1880340672500,33.691291422278300,0
2024-01-03 22:00:00,71.77958154373260,2440.8341516023200,75.91839906317490,0
2024-01-03 23:00:00,25.897254522733800,1945.5012332942900,52.419200090889800,0
2024-01-04 00:00:00,10.441769369888200,432.5361981272590,21.283246140920500,0
2024-01-04 01:00:00,75.23691427638670,241.2040843939690,87.90517773705200,0
2024-01-04 02:00:00,66.54858750780940,7903.006878914650,88.0786036402014,0
2024-01-04 03:00:00,68.32057344327900,3479.4077565133100,87.18726407955470,0
2024-01-04 04:00:00,71.70162773487570,3136.180512561490,24.64082492677240,1
2024-01-04 05:00:00,15.923572138727200,5469.213533275250,45.67269507391780,0
2024-01-04 06:00:00,38.67725828354180,1824.205714134010,98.51397595794660,0
2024-01-04 07:00:00,19.269524762010400,7604.693353206780,77.42923515468910,1
2024-01-04 08:00:00,79.04827407004750,6312.125613882860,3.689574701330420,0
2024-01-04 09:00:00,59.86385014620460,806.3469182668500,7.455254534788710,0
2024-01-04 10:00:00,36.471841988211900,3398.888128700930,46.929206304420900,0
2024-01-04 11:00:00,15.08466802288190,7045.034629741100,91.01280038029450,0
2024-01-04 12:00:00,34.878585737253000,7563.382976102140,54.33147799731870,0
2024-01-04 13:00:00,36.014665762139800,3792.471938873970,50.28343829539470,0
2024-01-04 14:00:00,68.36849426704510,4945.9499747645900,11.441896295706400,0
2024-01-04 15:00:00,61.00459770841710,1419.5681741273900,66.02123036770510,0
2024-01-04 16:00:00,80.97701940610610,7930.232146482110,82.38821289942230,0
2024-01-04 17:00:00,47.777194012955900,1930.206440929200,38.66158074324870,0
2024-01-04 18:00:00,19.567539675064100,7547.5810156674900,77.78557324160740,0
2024-01-04 19:00:00,67.0595829778396,5232.208527039710,96.48318873618040,1
2024-01-04 20:00:00,70.8628038893518,4901.120679542990,21.17287945364120,0
2024-01-04 21:00:00,54.9021758055597,4150.239237030420,52.80963348827940,0
2024-01-04 22:00:00,71.67737439636490,1922.2915125702900,29.42665785037300,0
2024-01-04 23:00:00,49.50364770915130,1494.5714528435200,79.4925874843501,0
2024-01-05 00:00:00,51.818626350559500,1841.8410516543900,58.181743222234600,1
2024-01-05 01:00:00,44.20328146868400,1572.8622709396100,63.82365933748010,0
2024-01-05 02:00:00,12.033530139527600,6258.717341177350,79.99350180197350,0
2024-01-05 03:00:00,18.631314159464400,2865.9895474171700,40.201076793583000,0
2024-01-05 04:00:00,12.51433485493870,556.9571448508310,91.59391677229730,0
2024-01-05 05:00:00,60.91283290110240,7755.910778112410,53.76985785736790,0
2024-01-05 06:00:00,35.148478486106100,7081.908491211060,16.637527460699500,1
2024-01-05 07:00:00,50.685655293176200,7429.243037242180,69.89401269871150,0
2024-01-05 08:00:00,82.60531791408740,7959.771798906840,79.53287369338720,0
2024-01-05 09:00:00,29.943378331910000,1473.7724688339500,32.35940602968510,0
2024-01-05 10:00:00,42.830633842850400,3230.311949331000,85.86074644287660,0
2024-01-05 11:00:00,70.4440910834439,6090.0839580623200,90.70818222181090,0
2024-01-05 12:00:00,28.303853239329800,5598.562882624960,28.413544250403100,0
2024-01-05 13:00:00,16.158392786303400,1315.777660084860,98.36862579880700,0
2024-01-05 14:00:00,33.180116233101400,6545.081687425880,14.930441276827100,0
2024-01-05 15:00:00,22.897702980320400,1873.0805175096200,20.999551171846500,0
2024-01-05 16:00:00,84.37581218740580,1868.1591570987200,19.238259084564600,0
2024-01-05 17:00:00,74.64963036515340,4342.097940857970,89.50498129077920,0
2024-01-05 18:00:00,60.67230052083390,4784.225485249460,65.77496268017120,0
2024-01-05 19:00:00,79.71684721501740,4682.681041918710,16.058324039005000,0
2024-01-05 20:00:00,74.29376615192920,822.7460154422640,44.59201841846660,0
2024-01-05 21:00:00,24.925604710882900,7031.940814780010,61.9145044819104,0
2024-01-05 22:00:00,81.40471987919820,2198.2403364507800,9.262944413948950,0
2024-01-05 23:00:00,53.147379353252100,1123.167878134150,88.35922047232650,0
2024-01-06 00:00:00,74.595212413125,7121.10983096492,80.55675000871200,0
2024-01-06 01:00:00,81.68730399387950,7649.646836015050,51.01547058408720,0
2024-01-06 02:00:00,35.44027799774910,6910.8081763970600,96.74553491065790,0
2024-01-06 03:00:00,18.80415396221410,6495.176990326540,42.35833694823490,0
2024-01-06 04:00:00,28.234813003355300,5276.411647048270,98.42692158461330,0
2024-01-06 05:00:00,44.1686230901005,4451.7732278122,67.12407988155910,0
2024-01-06 06:00:00,75.44118127379940,787.1954033001400,63.8324560521402,0
2024-01-06 07:00:00,78.85844666050750,3326.7803832585200,17.429534634282700,0
2024-01-06 08:00:00,10.556170442495300,3044.2392843972800,88.31084807215980,1
2024-01-06 09:00:00,50.85978420620530,2152.054891706580,43.3214791041409,0
2024-01-06 10:00:00,43.39288025190230,5815.018898139820,17.061107172465500,0
2024-01-06 11:00:00,27.76862483765840,4017.418307122290,2.248144477600150,0
2024-01-06 12:00:00,19.589229386694600,740.2651056704190,56.41581268019990,1
2024-01-06 13:00:00,37.00921371229020,1839.4472954035100,53.212562590145000,0
2024-01-06 14:00:00,85.43277631300150,5497.744232910810,72.2160086145467,0
2024-01-06 15:00:00,35.856234561660400,701.4337899733710,89.1355472487624,0
2024-01-06 16:00:00,51.50324973946930,6824.534620985270,8.861251879659920,0
2024-01-06 17:00:00,66.24151671161420,4011.657563410400,73.41815254369590,0
2024-01-06 18:00:00,39.09036819034350,3896.633960880520,19.55378246566060,0
2024-01-06 19:00:00,87.74256661767690,4780.021498810190,85.95952826255920,0
2024-01-06 20:00:00,86.99578359536890,6614.979630808680,82.08728787230400,0
2024-01-06 21:00:00,30.142583666029100,2847.692742427330,54.53858174356890,1
2024-01-06 22:00:00,49.77988047139080,5456.327605216600,71.31403706370780,0
2024-01-06 23:00:00,34.07026478534160,4569.28251556675,32.12066120519110,0
2024-01-07 00:00:00,32.78723955019740,2209.5233343384300,47.64562199434870,0
2024-01-07 01:00:00,12.950955788362600,7041.176892205750,82.3420528733367,0
2024-01-07 02:00:00,58.76514671839180,6399.665570694730,46.467254520148200,0
2024-01-07 03:00:00,50.21432185830890,5301.769493801560,36.422028267218700,0
2024-01-07 04:00:00,14.118300099999100,6819.595659844510,49.92703227777970,0
2024-01-07 05:00:00,32.29171713892890,6951.624187582440,82.99667599128460,0
2024-01-07 06:00:00,82.6612708773323,5696.067516048770,34.1855966897164,0
2024-01-07 07:00:00,29.164951253357800,6712.405294073010,18.202397720438600,0
2024-01-07 08:00:00,21.591589767297800,5610.02454718734,71.4893880127473,0
2024-01-07 09:00:00,49.15622082220500,5473.112096906370,82.7718430581001,0
2024-01-07 10:00:00,88.85203632884810,4987.029887899960,10.9631103738298,0
2024-01-07 11:00:00,29.364421720920000,6046.461452505370,24.747537162838500,0
2024-01-07 12:00:00,63.77084379247030,1352.9803318152800,15.055226986338400,1
2024-01-07 13:00:00,70.9295692262974,7058.878997671530,35.4461997466345,0
2024-01-07 14:00:00,29.011003519392000,6987.563869187330,45.584746911635900,0
2024-01-07 15:00:00,68.25730788894880,331.05353597301700,75.13380735936730,0
2024-01-07 16:00:00,39.422650617540300,6623.952329461630,65.46361090328570,0
2024-01-07 17:00:00,60.584466447486400,1118.071953040220,62.471928180364700,0
2024-01-07 18:00:00,60.68237686087160,2747.438948647220,35.88511971435580,0
2024-01-07 19:00:00,52.86197472598070,5973.715224703700,84.30330775539120,0
2024-01-07 20:00:00,17.223181604352700,1370.003178781640,47.657429572418300,0
2024-01-07 21:00:00,76.82419964713900,6561.939490540590,97.9313888635003,0
2024-01-07 22:00:00,35.66240519773890,6673.860005866160,63.780071691277900,1
2024-01-07 23:00:00,24.92148083198830,4108.995096710610,13.50020941488580,0
2024-01-08 00:00:00,13.262011324381100,150.4483865629850,67.94157864546800,0
2024-01-08 01:00:00,57.27143545505940,2367.601252081810,33.1852975277382,0
2024-01-08 02:00:00,64.2051489473826,4973.722655168360,68.94639247192360,0
2024-01-08 03:00:00,11.327026314228500,7851.370806416650,7.894473668078170,0
2024-01-08 04:00:00,50.96744466394250,5091.32686343168,18.31326228042000,0
2024-01-08 05:00:00,28.119662015835000,2152.4482904068600,85.71798863167290,0
2024-01-08 06:00:00,61.61382323275600,5108.645054486930,23.490776145328000,0
2024-01-08 07:00:00,23.949314320399300,4365.884499755260,83.86707139905110,0
2024-01-08 08:00:00,65.27501904819730,6260.778621694030,28.648332756986600,0
2024-01-08 09:00:00,40.93882770404300,945.1470467329710,64.64530909581210,0
2024-01-08 10:00:00,84.93839909893880,6112.1204297660200,69.72090677747330,0
2024-01-08 11:00:00,21.00167553167950,4376.005971541270,51.75282056136020,0
2024-01-08 12:00:00,37.285308084020700,7707.636830486060,31.225756992976400,0
2024-01-08 13:00:00,19.077881699247100,2800.79011170562,22.051793260738500,0
2024-01-08 14:00:00,83.97548946228500,5097.71295575819,4.285746101680200,0
2024-01-08 15:00:00,80.18714827047850,7463.022033529140,31.090693722831700,0
2024-01-08 16:00:00,30.63533021721250,909.8268511263660,65.66311626259700,0
2024-01-08 17:00:00,62.79872368273430,7504.105049167960,93.89217702639980,0
2024-01-08 18:00:00,75.37777601609730,5534.297206176430,87.24924374404220,0
2024-01-08 19:00:00,54.41606492795700,635.9127669308580,76.84041287699500,0
2024-01-08 20:00:00,52.37204626848050,2477.612178879850,79.05628698207660,0
2024-01-08 21:00:00,29.348183272036100,5694.559500297720,66.83350544412350,0
2024-01-08 22:00:00,17.44822142447190,632.0697516032960,26.7683988990343,0
2024-01-08 23:00:00,81.77726063626610,4699.146635392560,90.81230803987720,1
2024-01-09 00:00:00,82.03344457306640,2832.476149928360,67.40249887867760,1
2024-01-09 01:00:00,60.64811658186140,5005.232590363070,56.483622467063600,0
2024-01-09 02:00:00,37.122383283896100,461.36206711885200,11.987957452134600,0
2024-01-09 03:00:00,37.93676596901290,6985.140768603770,45.25849883683610,0
2024-01-09 04:00:00,68.07645430961920,7790.562856501440,46.5754688489907,1
2024-01-09 05:00:00,81.76882079620620,7754.1350567569600,86.59179734274430,0
2024-01-09 06:00:00,80.96691394120940,6022.249470769110,55.11817379859110,0
2024-01-09 07:00:00,72.3900436686099,1127.6812970319900,38.65965434807060,0
2024-01-09 08:00:00,61.36253169234300,6090.2792478392800,97.70323252255530,0
2024-01-09 09:00:00,16.731197199603900,294.23664002453200,11.961338739305300,0
2024-01-09 10:00:00,22.9302971275691,274.7760570790780,42.83229440288250,0
2024-01-09 11:00:00,81.88433508216630,2656.520731281380,5.1604428419691200,0
2024-01-09 12:00:00,58.514324772767200,3960.2812041968600,74.25050795592610,0
2024-01-09 13:00:00,10.735764129330400,6186.218600681570,91.88957866771590,0
2024-01-09 14:00:00,18.11772342928260,5498.033475191390,28.723695625498500,0
2024-01-09 15:00:00,63.08014152864450,3622.631380376310,85.97582600311300,0
2024-01-09 16:00:00,10.404926707697500,2261.6506636251600,29.929604815727900,0
2024-01-09 17:00:00,22.86464411339990,7977.283551245920,91.16624600274760,0
2024-01-09 18:00:00,53.89870314932690,3466.8322876641900,75.64222845608160,0
2024-01-09 19:00:00,65.35161581541550,3665.957492204440,80.68577090730240,0
2024-01-09 20:00:00,62.156900760208000,1392.6281874141900,2.7826490044450000,0
2024-01-09 21:00:00,27.941544756844800,6378.995435124440,96.31822535032860,0
2024-01-09 22:00:00,66.97433770780290,5580.08958367376,72.940428214962,0
2024-01-09 23:00:00,28.979926999744000,1844.0799410312100,31.170358443227200,0
2024-01-10 00:00:00,36.03197585274140,750.8102603651570,83.11007182102580,0
2024-01-10 01:00:00,69.71931240944190,5475.944486390230,28.870598643078100,0
2024-01-10 02:00:00,61.97063192377720,5270.638592820970,87.40263011704670,0
2024-01-10 03:00:00,77.93787283953420,2258.7502632858500,12.145458650781800,0
2024-01-10 04:00:00,62.60903138402750,7611.8221417782400,70.66491176861880,0
2024-01-10 05:00:00,55.464688266837700,1293.357345069110,54.52914918784610,0
2024-01-10 06:00:00,17.493981426247400,3515.444928236560,10.55691254934860,0
2024-01-10 07:00:00,39.41726424475470,7554.565769324030,24.947488997625100,0
2024-01-10 08:00:00,31.216189414538000,3415.8458037163700,2.2279995914541600,0
2024-01-10 09:00:00,29.519171470326700,5144.3549865462800,47.40802858098610,0
2024-01-10 10:00:00,87.84084438019570,3240.995743906080,30.825260815240000,0
2024-01-10 11:00:00,41.44781797334080,2266.300098554490,60.237390945478100,0
2024-01-10 12:00:00,81.36372441416910,7873.423418882640,30.4265429631531,0
2024-01-10 13:00:00,60.49109007978100,3333.73864988884,30.691992039191500,0
2024-01-10 14:00:00,73.58490428333190,7163.383709065160,74.57612667442870,0
2024-01-10 15:00:00,50.21096744841540,1916.641386539580,5.766140761856990,0
2024-01-10 16:00:00,56.15231077010870,1783.527161798160,90.38660452400670,0
2024-01-10 17:00:00,49.401415505509100,345.95925478764000,85.37412356472700,0
2024-01-10 18:00:00,25.61943902384360,5248.167920469490,67.11266363941430,0
2024-01-10 19:00:00,67.79616922092040,3011.358115417710,59.72893544063110,0
2024-01-10 20:00:00,32.46178899526850,6928.4301737331300,89.33794731582560,0
2024-01-10 21:00:00,11.945277314516300,3838.3582628633000,19.34768777334270,1
2024-01-10 22:00:00,61.63778367257340,7748.728080526300,8.817947056892030,0
2024-01-10 23:00:00,24.168854352563900,1565.651574054660,24.711506821044300,0
2024-01-11 00:00:00,85.23668674823310,6962.1230268493300,79.66324959131880,0
2024-01-11 01:00:00,86.31428616020700,6235.1151370547600,4.432356405921850,0
2024-01-11 02:00:00,83.18915121763590,6190.282572688010,58.697876673265500,0
2024-01-11 03:00:00,39.61269602043560,6773.787502123410,99.54831410293970,0
2024-01-11 04:00:00,11.236529322309400,6112.089528449690,85.7139132899164,0
2024-01-11 05:00:00,84.26548500701800,5047.140540888180,52.62312321531540,0
2024-01-11 06:00:00,44.254731865385100,1136.834533690860,7.3004500193775900,0
2024-01-11 07:00:00,87.33238552349360,356.95681798089000,83.30597792418530,0
2024-01-11 08:00:00,87.08959816714020,7374.697997743930,60.298872309543800,0
2024-01-11 09:00:00,78.24075643738880,4971.537484713830,12.378366708897100,0
2024-01-11 10:00:00,33.55591136556690,6392.644598711790,10.291871197512300,0
2024-01-11 11:00:00,40.807818288154000,3904.0265769491500,91.05305512422270,0
2024-01-11 12:00:00,78.09093372134860,1026.7346928029200,67.25082603086980,0
2024-01-11 13:00:00,35.35376041250220,1088.9677584001500,83.0993931323588,0
2024-01-11 14:00:00,23.5594197348874,5515.965769108870,88.01891112794450,0
2024-01-11 15:00:00,54.544100996668000,3499.416569705760,57.6054628527839,0
2024-01-11 16:00:00,84.89238193286250,1684.14534093266,52.22718882374910,0
2024-01-11 17:00:00,65.68238373399780,3983.596919257350,43.61231362177800,0
2024-01-11 18:00:00,55.604893607149200,607.2506028935590,32.37771219132080,0
2024-01-11 19:00:00,17.77411950166150,4697.57407512375,44.02500012501250,0
2024-01-11 20:00:00,59.20057813593360,2225.0478950372700,77.61408591728550,0
2024-01-11 21:00:00,89.20430800834110,6400.716895033790,60.59041967049800,0
2024-01-11 22:00:00,21.20672121892190,2551.859475496230,89.35980570552980,0
2024-01-11 23:00:00,51.46637218909890,3696.2391777462300,44.89462142353960,0
2024-01-12 00:00:00,80.18984575423640,191.80226527399500,61.10186829315670,0
2024-01-12 01:00:00,69.26148942033640,672.3304135770150,63.49944775610690,0
2024-01-12 02:00:00,65.76125927962140,3200.69909561281,59.57801906832620,0
2024-01-12 03:00:00,66.19872671896870,3891.5167942652800,70.56074353546610,0
2024-01-12 04:00:00,38.75929209758040,4840.1623301425,24.505913369105800,0
2024-01-12 05:00:00,33.487347541159500,2404.1343718035000,51.72401397703330,0
2024-01-12 06:00:00,74.74889243828110,5590.356900399690,11.318255478026400,0
2024-01-12 07:00:00,74.80907157433450,6894.966937794720,39.06662143683640,0
2024-01-12 08:00:00,79.3657854864083,6260.822812257460,49.27903979350520,0
2024-01-12 09:00:00,83.05924420451770,412.98872025202100,65.57020169500180,0
2024-01-12 10:00:00,50.90739190887500,3896.0048833368500,95.10257420603420,0
2024-01-12 11:00:00,50.12130357497600,928.9484095035820,60.46445558828720,0
2024-01-12 12:00:00,73.86361431734200,2012.155625313970,74.61579770147940,0
2024-01-12 13:00:00,61.99711446222120,7894.634486810460,51.12033989002510,0
2024-01-12 14:00:00,66.15735018061630,1225.7147889219500,63.7762991062568,0
2024-01-12 15:00:00,73.66341355488810,4041.2164122657100,8.022289397243570,0
2024-01-12 16:00:00,81.2004273454053,4983.430301113140,26.184766503342900,0
2024-01-12 17:00:00,37.03961254812290,5649.473267298420,36.82345622730870,0
2024-01-12 18:00:00,40.04663621119550,4521.224599546620,47.77684214564480,0
2024-01-12 19:00:00,17.51855518726950,177.18969461155100,5.51922580473599,0
2024-01-12 20:00:00,56.26241127969390,2679.0443351275400,14.86238565777850,0
2024-01-12 21:00:00,12.875381903739400,4189.921982739220,28.40461647133930,0
2024-01-12 22:00:00,47.24784145059680,794.1453432441840,97.18173639920400,0
2024-01-12 23:00:00,53.411570776606100,2869.952756552530,33.80335370320200,0
2024-01-13 00:00:00,32.92330017026280,362.30455945179600,48.72206475309620,1
2024-01-13 01:00:00,57.26666084552090,720.7701275246640,20.4136735611009,0
2024-01-13 02:00:00,12.440019995124000,3235.693881992610,61.46722703650110,0
2024-01-13 03:00:00,12.987855099937200,1148.4544569401800,28.787638336081500,0
2024-01-13 04:00:00,75.80804485277270,4583.572701266310,21.49226526540430,0
2024-01-13 05:00:00,38.81525131290100,5546.7732561844000,52.140690216151900,0
2024-01-13 06:00:00,20.16484101215080,6424.6349229617500,1.5450741168816600,1
2024-01-13 07:00:00,51.77946080438440,1681.1869295340000,1.7587392322733100,0
2024-01-13 08:00:00,71.59948424788890,1423.112399846650,22.68781210108390,0
2024-01-13 09:00:00,27.265682199747500,926.085938641762,4.635414887581290,0
2024-01-13 10:00:00,59.83123806552000,5127.79897139473,11.694549658938400,0
2024-01-13 11:00:00,16.82779719950140,5681.158239246520,34.547204284536400,0
2024-01-13 12:00:00,14.134537693488600,349.5305441225720,80.45598227840150,0
2024-01-13 13:00:00,52.50837052545180,7496.076745325150,57.63281569356080,1
2024-01-13 14:00:00,53.25080972880850,510.57314084663200,51.75410486968520,0
2024-01-13 15:00:00,60.99439211985650,4376.241048878460,30.055393497604000,0
2024-01-13 16:00:00,68.08730669781290,5701.578103662240,93.24361822384880,0
2024-01-13 17:00:00,88.06816635700280,6980.656077594080,40.30448908248200,0
2024-01-13 18:00:00,51.30402786409560,5741.286763846180,9.622183912781380,0
2024-01-13 19:00:00,35.836517835299700,6433.651856251360,62.08958509566230,0
2024-01-13 20:00:00,73.61489558149630,2781.6565210881700,12.270000954183500,0
2024-01-13 21:00:00,31.666580100965900,6537.118398597450,35.17709113736750,0
2024-01-13 22:00:00,45.11771365645090,732.9072864389340,51.23378193306310,0
2024-01-13 23:00:00,16.276510507381300,7169.051582878170,87.5480299438324,0
2024-01-14 00:00:00,12.0280594732366,4425.979771614520,49.86111145367180,0
2024-01-14 01:00:00,87.01187317423400,6556.6523827037,70.52361783713480,0
2024-01-14 02:00:00,76.87840964097650,3673.3144476945700,99.28886706090800,0
2024-01-14 03:00:00,65.67793648749580,5184.263792052550,14.01742286990020,0
2024-01-14 04:00:00,42.71623555314160,4258.581021395300,28.19842102643240,0
2024-01-14 05:00:00,23.86354560566770,5879.557221867120,40.06303148416700,0
2024-01-14 06:00:00,22.514963413686900,744.8768580416580,42.760989675344300,0
2024-01-14 07:00:00,30.019431853167600,576.781463525454,41.69108645128900,0
2024-01-14 08:00:00,53.938133176489600,2052.115548680160,90.85348925309890,0
2024-01-14 09:00:00,67.16767381600500,1360.402972894190,71.68923180221880,0
2024-01-14 10:00:00,62.8157901374185,6987.090176078390,61.18261619497970,0
2024-01-14 11:00:00,32.39471175567540,1831.79050012855,31.627899068415400,0
2024-01-14 12:00:00,86.38922245305550,7809.335520971140,82.55524803790820,0
2024-01-14 13:00:00,69.03175333566150,2761.476754991740,95.55099063701390,0
2024-01-14 14:00:00,54.34832420091210,1538.7315339407200,82.29862997247240,0
2024-01-14 15:00:00,58.93765969874820,6338.618206425590,1.1549454139558200,0
2024-01-14 16:00:00,43.568004994223200,5303.791426456920,64.00373564815730,0
2024-01-14 17:00:00,29.818479160092600,4035.746159979800,6.062402762767970,0
2024-01-14 18:00:00,38.47781429210090,4487.372052407290,26.503114813038500,0
2024-01-14 19:00:00,70.62768883714950,5781.694048350880,6.892945334429400,0
2024-01-14 20:00:00,11.15147909038050,1904.79245651726,60.77574984198940,0
2024-01-14 21:00:00,19.2858112405533,7971.037936848260,68.97240143576810,0
2024-01-14 22:00:00,13.68021136174020,7800.8659809595900,12.334276168524600,0
2024-01-14 23:00:00,13.258304185517600,5237.572922140800,39.00004942145300,0
2024-01-15 00:00:00,78.43684672088060,1676.3853623402500,46.16741438659870,1
2024-01-15 01:00:00,66.29262875040190,5473.803115207200,37.53624915433070,0
2024-01-15 02:00:00,47.93390632698600,670.3674309354890,12.981475048034100,0
2024-01-15 03:00:00,17.82673285208010,342.15476742586800,42.47583122856010,0
2024-01-15 04:00:00,49.32927000934660,2135.694819238590,75.3666267330334,0
2024-01-15 05:00:00,47.87774166244530,3754.721358240600,8.029758788792290,0
2024-01-15 06:00:00,23.856149592801200,6959.352792726210,8.937821394108440,0
2024-01-15 07:00:00,44.70813193903780,5844.635651153830,36.122357891762400,0
2024-01-15 08:00:00,41.88037875178990,5967.38151747985,94.23084545027360,0
2024-01-15 09:00:00,59.26800784417730,3461.3973421398000,67.18869202556850,0
2024-01-15 10:00:00,60.8074920694115,2832.886441121010,68.18832571058390,0
2024-01-15 11:00:00,13.624320781763600,3031.2062275783600,36.83007909294860,0
2024-01-15 12:00:00,39.9690091701177,7902.431553514860,59.772418329645300,0
2024-01-15 13:00:00,60.06879325713890,416.8626121586120,2.0029872187465900,0
2024-01-15 14:00:00,50.250900686407000,6949.548819367340,63.973508594544700,0
2024-01-15 15:00:00,78.51918729506580,4671.535727721910,91.41540781004740,0
2024-01-15 16:00:00,62.6954905295156,3565.0618115977600,61.6447733661371,1
2024-01-15 17:00:00,23.034754166514400,5829.535517279580,87.49616075316820,0
2024-01-15 18:00:00,15.645499792034400,3944.6846372551500,72.67333249114330,0
2024-01-15 19:00:00,61.39354225650530,7000.043580845120,12.935283223965300,0
2024-01-15 20:00:00,12.120904843329700,7215.544725688940,90.34287742129830,0
2024-01-15 21:00:00,56.86204650187710,3431.595322300300,7.577940591221710,0
2024-01-15 22:00:00,85.2184193139966,2286.9395981569100,53.862779782228600,0
2024-01-15 23:00:00,56.03793423007030,4779.567595887560,15.07157525555230,0
2024-01-16 00:00:00,41.05359409652180,7307.670430371860,2.1589544623595000,0
2024-01-16 01:00:00,61.463057475388300,1764.231293144770,42.78139175263630,0
2024-01-16 02:00:00,46.660231239321300,5021.436010151510,30.209030057761500,0
2024-01-16 03:00:00,53.6493431452748,5089.325738730910,49.114048885962700,0
2024-01-16 04:00:00,85.317184702122,5891.5928770807200,58.14278878672050,1
2024-01-16 05:00:00,40.88821102406190,1139.3847125053500,5.3301681585857900,0
2024-01-16 06:00:00,86.89524510591310,5755.0172209885000,13.177326217250800,0
2024-01-16 07:00:00,82.4280513564851,7281.3569132585600,56.30559724859210,0
2024-01-16 08:00:00,25.663290783143700,1519.4965600749100,34.973567964093200,0
2024-01-16 09:00:00,15.548904070013200,1976.5922668986300,73.18817526739540,0
2024-01-16 10:00:00,18.062240110194100,7774.021242928950,65.57687321060200,0
2024-01-16 11:00:00,11.457746052124000,1529.7179264049700,84.71483193600080,0
2024-01-16 12:00:00,17.555436860474300,6849.642237619680,69.5567898402533,0
2024-01-16 13:00:00,64.64054187330860,3988.995065939480,43.56317666162470,0
2024-01-16 14:00:00,15.695091876818300,2053.125487785100,67.62369561704880,0
2024-01-16 15:00:00,35.5180504235009,6978.92422005284,28.262736251286400,0
2024-01-16 16:00:00,77.59002487755640,3617.911514521060,31.325036379043100,0
2024-01-16 17:00:00,11.86175485886610,4167.057096044550,79.10953083215850,0
2024-01-16 18:00:00,75.15747860711490,2937.943618258150,45.195532123756600,0
2024-01-16 19:00:00,32.548381981872,4784.311726335930,80.0396537113169,0
2024-01-16 20:00:00,19.4531862097325,1391.83859342168,82.41981499315960,0
2024-01-16 21:00:00,65.73897322913210,3189.5441395489100,85.8986714284671,0
2024-01-16 22:00:00,60.31542774239070,7758.357346448770,91.74688834827950,0
2024-01-16 23:00:00,80.19776108216420,2139.2541183389100,43.66753683081630,0
2024-01-17 00:00:00,68.80568350431090,5288.219649876210,32.567815013792700,0
2024-01-17 01:00:00,74.27847443078790,2669.0015073750900,58.63767591281730,0
2024-01-17 02:00:00,32.562765805704500,6210.437692924150,37.74606992032510,0
2024-01-17 03:00:00,24.195163502377800,1133.9019196749600,60.50634251322310,0
2024-01-17 04:00:00,70.04918013126870,7761.586256120500,70.85300040173860,0
2024-01-17 05:00:00,74.54677914138110,3684.93737693075,69.15209683072160,0
2024-01-17 06:00:00,89.24041136005390,1964.7986604370700,38.08073581499200,0
2024-01-17 07:00:00,43.00941415291410,680.6243039071000,17.519159968176500,0
2024-01-17 08:00:00,39.761446863422700,1441.0874501915700,43.622404507758500,0
2024-01-17 09:00:00,72.11303685935970,4206.214193592540,15.116820264109000,0
2024-01-17 10:00:00,37.264283220241400,2762.325093807160,89.11960648319700,1
2024-01-17 11:00:00,84.46058604828520,6648.178590472620,35.241868613047900,1
2024-01-17 12:00:00,78.67302014744100,3504.011436928270,16.291514975109100,0
2024-01-17 13:00:00,44.319522190001500,2064.8427534422800,3.5193282306693400,0
2024-01-17 14:00:00,70.06968542331980,4975.4453941718400,64.93641624236190,0
2024-01-17 15:00:00,70.36342992677460,5683.540013395020,64.05332942801960,0
2024-01-17 16:00:00,18.24990950687460,1419.631072417500,34.71981249154790,0
2024-01-17 17:00:00,82.20423253436530,1424.1918086777100,8.099476995917450,0
2024-01-17 18:00:00,50.42018979582860,389.7042727749900,41.55326059462800,1
2024-01-17 19:00:00,76.11659728861930,5917.57591901856,31.810532011276000,0
2024-01-17 20:00:00,35.603968082448900,5344.05576821226,68.03494333376590,0
2024-01-17 21:00:00,81.64185827969600,3849.5839184235300,60.972145695816300,0
2024-01-17 22:00:00,41.13613429873310,6768.946546856660,37.09477909155650,0
2024-01-17 23:00:00,10.867012118423900,6464.79420830542,22.57136287124400,1
2024-01-18 00:00:00,82.4305581135411,4724.299478734340,98.8155606494036,0
2024-01-18 01:00:00,17.302934142890700,6959.343116054740,45.946160498415400,0
2024-01-18 02:00:00,35.54509100723320,1726.1455592904700,69.13914934224350,0
2024-01-18 03:00:00,86.0049573640644,984.1649932420500,14.914743790257700,0
2024-01-18 04:00:00,86.04857175500450,2231.0219309842200,49.07338026628040,0
2024-01-18 05:00:00,55.87503104986290,550.9861631055870,3.7261352670770800,0
2024-01-18 06:00:00,60.54697697358390,4296.239271208150,51.04005667313450,0
2024-01-18 07:00:00,45.87564175826560,7499.184969130200,96.43772330465250,0
2024-01-18 08:00:00,33.456861735845200,410.8139712812260,39.036464585594200,0
2024-01-18 09:00:00,36.29316362959330,1064.6683206792100,4.860605244916250,0
2024-01-18 10:00:00,63.801476486163100,3672.3723234391400,4.0646233010150100,0
2024-01-18 11:00:00,70.1899623550144,7477.6126384704500,39.410689234740100,0
2024-01-18 12:00:00,73.32632349806790,2597.633229316330,16.84246870985620,0
2024-01-18 13:00:00,73.16945142356430,4107.1549886383,3.3118575364904100,0
2024-01-18 14:00:00,17.29648824389520,428.4255864980980,75.8651477810675,0
2024-01-18 15:00:00,49.553624376206500,1271.911287600500,46.39377787930720,0
2024-01-18 16:00:00,14.604700801331500,7894.377971374890,29.6352324252928,0
2024-01-18 17:00:00,53.96231058589880,7724.437701844760,90.1082351186316,0
2024-01-18 18:00:00,45.32244010987020,139.02584938183600,12.497757059852000,0
2024-01-18 19:00:00,81.01633462066400,7619.313104843590,95.6359640665766,0
2024-01-18 20:00:00,38.07320100416630,5149.047508742450,32.08270502035790,0
2024-01-18 21:00:00,19.36536131420850,6956.554526708170,88.95196355855940,0
2024-01-18 22:00:00,21.43933456422690,3692.444859507490,60.691344771466700,0
2024-01-18 23:00:00,70.92085053739780,4173.208625776080,82.84402861440730,1
2024-01-19 00:00:00,59.45744506530090,3961.8879840296700,98.41730315783600,0
2024-01-19 01:00:00,18.08981408982320,5368.227634614220,29.552138344055800,0
2024-01-19 02:00:00,16.728544489199800,1203.244912574870,96.1524130553517,0
2024-01-19 03:00:00,66.0775305167296,336.7913599941560,39.55870759533960,0
2024-01-19 04:00:00,15.821040509135500,2532.646538570410,39.16567856895530,0
2024-01-19 05:00:00,75.7488047432285,5666.978025619510,34.698323321196100,0
2024-01-19 06:00:00,66.4993781725197,1694.6422717712900,54.599353127410900,1
2024-01-19 07:00:00,16.50790245135200,5420.116223266850,16.260359274670200,1
2024-01-19 08:00:00,16.787017126815400,7762.305164247440,55.817437050443100,0
2024-01-19 09:00:00,88.93116628009400,841.8156547364050,54.6287764285904,0
2024-01-19 10:00:00,39.941663660489600,5413.5567339785000,76.42827944788210,0
2024-01-19 11:00:00,39.65137176535130,3605.626732506110,83.53134623182100,1
2024-01-19 12:00:00,75.0239653806002,6958.323809582290,44.60369368093000,1
2024-01-19 13:00:00,85.7798861907087,1499.4833366343500,30.93099168579790,0
2024-01-19 14:00:00,88.88008510582970,5571.7450225867,26.674154834392400,0
2024-01-19 15:00:00,70.27025482071530,6721.11078822007,20.26775983378230,0
2024-01-19 16:00:00,40.10076684247330,7562.452333844780,6.7071106377034600,0
2024-01-19 17:00:00,16.6800573358935,5497.659423488200,34.90234990463660,0
2024-01-19 18:00:00,72.17175327419490,4027.6806356665800,27.75452152094750,0
2024-01-19 19:00:00,54.6723399788644,4980.99319758959,96.67532120077430,0
2024-01-19 20:00:00,43.937760739758100,6964.349377381870,56.21317379875440,0
2024-01-19 21:00:00,82.50835080757890,4607.816998446760,35.38042686402030,0
2024-01-19 22:00:00,18.895798584492100,340.0577716050110,58.4662924983759,1
2024-01-19 23:00:00,49.41000834326870,7454.494694505120,14.780473433223900,0
2024-01-20 00:00:00,10.908291581393500,5547.261333149330,44.96033117101810,0
2024-01-20 01:00:00,47.4928513595301,5444.455747640250,62.99719782068530,0
2024-01-20 02:00:00,14.504262054547000,1803.8337039419700,49.400885347452700,0
2024-01-20 03:00:00,19.505433301445800,5305.195214837990,40.7761012647781,0
2024-01-20 04:00:00,19.40209974216840,3211.528804667850,99.39099050107010,0
2024-01-20 05:00:00,61.93682416928510,5244.740518627790,88.15116145274380,0
2024-01-20 06:00:00,69.68359034123390,942.0849394331270,62.71718985778460,0
2024-01-20 07:00:00,56.66950120777280,5296.977906363980,57.368358757046000,0
2024-01-20 08:00:00,86.97380387796340,7995.368433588270,62.44538750263380,0
2024-01-20 09:00:00,39.98964636189630,480.8751069983930,20.92989867442090,0
2024-01-20 10:00:00,32.85696690254890,7819.676055348410,40.11863658316750,0
2024-01-20 11:00:00,79.48793025515680,3314.572889710680,4.9064937561990300,0
2024-01-20 12:00:00,27.88766708155620,6978.952257664350,48.07905771119580,0
2024-01-20 13:00:00,87.0578031552489,6280.84532406036,54.759433811808700,0
2024-01-20 14:00:00,10.972357975185300,4579.428461794680,23.54722387421780,0
2024-01-20 15:00:00,87.59030613661110,5933.74875308548,96.43885586938590,0
2024-01-20 16:00:00,13.452792956046100,7040.272934280650,91.03600648278700,0
2024-01-20 17:00:00,81.29144909584570,3292.7085410431600,72.49218031013470,0
2024-01-20 18:00:00,52.21608872690400,2683.5619763495900,53.8052762477709,0
2024-01-20 19:00:00,89.43718368954400,5373.9877459523200,87.12694680512080,0
2024-01-20 20:00:00,15.903725178831900,6481.982941335940,13.934582038522800,1
2024-01-20 21:00:00,54.30834275210570,6122.052564735260,79.26046963321360,0
2024-01-20 22:00:00,87.54420284952790,6402.727825983210,13.35726058271800,0
2024-01-20 23:00:00,51.847827533611900,3541.1081870221700,79.62685559239110,0
2024-01-21 00:00:00,60.351891050821,6560.890307782670,28.30098925688430,0
2024-01-21 01:00:00,65.65989511876940,1049.6515374278100,87.8319675208007,0
2024-01-21 02:00:00,46.36328518142190,4401.4638738907100,94.46016728871440,0
2024-01-21 03:00:00,60.204646406725100,145.4934179351600,15.730800971106400,1
2024-01-21 04:00:00,56.74514495384800,2664.2280562121400,46.804884901474000,0
2024-01-21 05:00:00,82.09264083927910,2995.0461254840400,98.11775043810580,0
2024-01-21 06:00:00,13.63571042731660,3229.7642637131200,48.857336161341500,0
2024-01-21 07:00:00,32.477055167378400,5594.190932849910,86.49120472894000,0
2024-01-21 08:00:00,86.0329187261247,3169.6090000357300,59.28442069100070,0
2024-01-21 09:00:00,81.2211027112733,3644.679618717990,38.15766088404060,0
2024-01-21 10:00:00,46.45254022285700,1976.598633907190,29.29257199706120,0
2024-01-21 11:00:00,59.61060782412290,3048.6891538717900,21.11908601752260,0
2024-01-21 12:00:00,32.19049463849060,1895.4300553789000,76.41802094639200,0
2024-01-21 13:00:00,25.049692777900900,678.2477977707050,39.26751017547980,0
2024-01-21 14:00:00,47.09587239519860,4867.243887712890,51.61627075787440,0
2024-01-21 15:00:00,38.268178242084200,5378.881108584630,49.74022252011700,0
2024-01-21 16:00:00,56.692488948069800,4993.973733475960,58.15062389408000,0
2024-01-21 17:00:00,16.218770957198800,3761.6029460245200,86.69213741683070,0
2024-01-21 18:00:00,87.95158461329330,3100.3076634159200,98.09319501475950,0
2024-01-21 19:00:00,88.89685955836820,6920.335831617420,41.35083664880790,0
2024-01-21 20:00:00,65.85293712157960,4200.746102576120,82.92437328852400,0
2024-01-21 21:00:00,52.88770930752960,3885.5368332748700,76.68825167081710,0
2024-01-21 22:00:00,34.76220930290620,302.57231987084200,57.779366194101800,1
2024-01-21 23:00:00,75.10360157655590,2795.8578382466400,95.64866721758140,0
2024-01-22 00:00:00,64.77849380431030,3103.545388408270,20.846977037311900,0
2024-01-22 01:00:00,23.009355147591300,3250.6999690855100,11.817156820652500,0
2024-01-22 02:00:00,82.8741747595074,4683.361716895930,85.54223472858680,1
2024-01-22 03:00:00,75.80297943385350,4315.46011914234,44.47583184674110,0
2024-01-22 04:00:00,85.98399306335390,4902.450233068210,84.84991656649900,0
2024-01-22 05:00:00,68.0575606710688,6142.577766182810,89.41593031434610,0
2024-01-22 06:00:00,59.07321567486320,6522.587335857140,7.183301768288070,0
2024-01-22 07:00:00,43.45944290324950,5773.172302189310,88.46301153562000,0
2024-01-22 08:00:00,84.61827866832110,7648.637198043980,45.3835864815728,1
2024-01-22 09:00:00,79.28511116003270,244.03740314325700,51.53281641141900,0
2024-01-22 10:00:00,13.617493608495200,1646.646086900010,63.03265859822780,0
2024-01-22 11:00:00,12.10935795978020,159.74671232732300,92.71187806627860,1
2024-01-22 12:00:00,40.117069350244000,5215.050241821360,2.892493348546640,0
2024-01-22 13:00:00,74.84426646254660,7194.4413367049000,48.20750336346390,0
2024-01-22 14:00:00,88.98209034519560,2023.5101429527600,69.0844822006255,0
2024-01-22 15:00:00,22.033351288282300,7423.572903890820,72.54798881212460,0
2024-01-22 16:00:00,57.53045722817080,576.1123832875310,69.5607107221737,0
2024-01-22 17:00:00,40.47126853048170,7482.044611763560,14.309077811404100,0
2024-01-22 18:00:00,87.59315182516830,2877.819229193110,30.64016324879640,0
2024-01-22 19:00:00,77.36951385085670,901.2245447488100,36.51283701628430,0
2024-01-22 20:00:00,77.06629637689100,3938.3868975719700,80.639283560271,0
2024-01-22 21:00:00,47.49545278359760,2128.534884992010,28.59722736904080,0
2024-01-22 22:00:00,43.185560187013200,2350.4959254991900,21.859791422853100,1
2024-01-22 23:00:00,31.8725657544565,2527.590722917660,95.78735388477150,0
2024-01-23 00:00:00,14.51003973207420,6443.9045928780400,1.877465226233420,1
2024-01-23 01:00:00,79.17779010040430,4359.37408573451,99.78426471251580,0
2024-01-23 02:00:00,75.03208073040620,2559.3308233324300,68.00530858688220,0
2024-01-23 03:00:00,89.97741386289040,4921.636888156260,83.0184606454626,0
2024-01-23 04:00:00,89.73094696591240,5757.590326363230,30.167320238273100,0
2024-01-23 05:00:00,54.434536448210200,2253.7296057949200,2.417212489038940,0
2024-01-23 06:00:00,71.51899321444080,3367.037902050280,74.04908233759150,0
2024-01-23 07:00:00,85.58125839059420,1062.9001373618900,83.58031510306690,0
2024-01-23 08:00:00,77.97179125419290,1531.0798613239700,74.3071370633984,0
2024-01-23 09:00:00,29.78784813945580,5480.831046323360,15.14217844278300,0
2024-01-23 10:00:00,46.04353082480750,1533.362946795450,75.58936430343990,0
2024-01-23 11:00:00,20.3327532121196,4248.790730969780,77.12335542865650,0
2024-01-23 12:00:00,86.32408218069780,5701.465467607220,66.19551105133540,0
2024-01-23 13:00:00,58.493970756070400,944.3276924484760,76.84547734676300,0
2024-01-23 14:00:00,28.29142444027700,4581.766535068340,84.74622252809550,0
2024-01-23 15:00:00,63.73605475246850,2126.8459912407700,61.746807309508400,0
2024-01-23 16:00:00,59.450259236631700,7707.12231437688,9.771866682998230,0
2024-01-23 17:00:00,38.65301744262720,3920.0106090874100,49.27515315705390,0
2024-01-23 18:00:00,19.08460737597030,6467.341143223750,8.687284132488900,0
2024-01-23 19:00:00,63.72585564742400,4446.789683034470,41.34676007221070,0
2024-01-23 20:00:00,51.62461607230350,442.9590095530710,41.303542423437100,0
2024-01-23 21:00:00,71.78547133885120,5101.895867192780,7.534974569883920,0
2024-01-23 22:00:00,51.61308008895950,7616.0864034325900,35.53323286297850,0
2024-01-23 23:00:00,78.1745200254832,4852.733379156020,11.98881178034020,0
2024-01-24 00:00:00,54.152547101958800,6571.591989471640,81.015285790913,0
2024-01-24 01:00:00,54.8750377228309,7085.231060452420,94.8211145704826,0
2024-01-24 02:00:00,80.1322882126676,1901.8301983965700,8.159331050535920,0
2024-01-24 03:00:00,42.27862929699180,1775.1542352749900,95.55640552187850,0
2024-01-24 04:00:00,20.72121827605130,4926.749811922840,52.73508333433780,0
2024-01-24 05:00:00,12.302614105067100,3347.124911472970,30.657002117433500,0
2024-01-24 06:00:00,70.41098045388950,6734.904292647090,8.609345452340190,0
2024-01-24 07:00:00,59.624764108277200,7210.182674844290,50.561802538971400,0
2024-01-24 08:00:00,66.32638144793790,2892.028896491470,79.65703890458410,0
2024-01-24 09:00:00,27.037132920712900,1971.2774158984100,71.00156124940310,0
2024-01-24 10:00:00,20.90971804694160,6266.151570426510,5.972375134933400,0
2024-01-24 11:00:00,11.163573253430600,2270.967680830280,8.217281701422450,0
2024-01-24 12:00:00,38.04700470452780,6598.6531162580600,40.88445498063110,0
2024-01-24 13:00:00,57.193414948370600,3447.532203825230,30.233758910746400,0
2024-01-24 14:00:00,41.379523607978600,5373.644204402620,24.006047982548700,0
2024-01-24 15:00:00,44.99799376189830,854.7289792938790,28.819445391962600,0
2024-01-24 16:00:00,82.33269555949990,5028.488664944930,80.54479158639160,0
2024-01-24 17:00:00,37.86043736186400,3668.96466202411,92.99357730955350,0
2024-01-24 18:00:00,51.119159132784900,4734.2068590862500,41.105166758229100,0
2024-01-24 19:00:00,72.69224101929140,1427.312241184420,90.70498921111720,0
2024-01-24 20:00:00,41.72342258570160,5921.302585059040,32.828074423540300,0
2024-01-24 21:00:00,59.76693601822990,6916.096912591510,48.16726164803540,1
2024-01-24 22:00:00,78.98909669973960,1812.2444207171300,23.37687078378400,0
2024-01-24 23:00:00,85.96164989261140,856.1449886092780,64.40712817540860,0
2024-01-25 00:00:00,21.765878474323000,286.74482976605800,97.91913040230610,0
2024-01-25 01:00:00,84.12701001291960,5171.574853501800,60.74581650829450,0
2024-01-25 02:00:00,49.369303446363100,4896.0428851013700,36.42359432724130,0
2024-01-25 03:00:00,30.659551063916700,4418.909560441150,65.1339271530623,0
2024-01-25 04:00:00,46.7308604990609,1932.3820593162100,13.16914716807340,0
2024-01-25 05:00:00,88.40260602283820,3188.157367653570,88.97724894627450,0
2024-01-25 06:00:00,49.40944751942960,4796.363047970770,50.8053111272038,0
2024-01-25 07:00:00,36.300128823000700,4024.458184987440,45.485624461924600,0
2024-01-25 08:00:00,60.67206834533810,7903.5056096976100,59.0006140568984,0
2024-01-25 09:00:00,29.211649502255400,1177.8740451981900,62.85360241615080,0
2024-01-25 10:00:00,16.06906624869310,5591.6419769759900,8.10580481642479,0
2024-01-25 11:00:00,20.310377752851900,3294.1182680239100,68.57910490111680,0
2024-01-25 12:00:00,20.243667116621800,3482.7769579123600,24.95123635123740,0
2024-01-25 13:00:00,22.15221548098360,5769.022348699590,71.6813106181524,0
2024-01-25 14:00:00,21.10617381195280,5570.24559546252,82.43094464403550,1
2024-01-25 15:00:00,61.26997958425720,7930.922350247290,80.5918922476995,0
2024-01-25 16:00:00,24.550406751931600,1114.3148866875900,55.697595773381000,0
2024-01-25 17:00:00,37.65338266590910,922.4662301349140,52.49681933876440,0
2024-01-25 18:00:00,81.74307279248090,5822.276655317060,15.14472017260180,0
2024-01-25 19:00:00,47.916931221029800,4669.256644350630,77.75926888991040,0
2024-01-25 20:00:00,63.40461908168220,2265.8692658224700,27.869528664224700,0
2024-01-25 21:00:00,23.785589696130400,727.4130150129940,50.172846858976700,0
2024-01-25 22:00:00,25.383121504693700,776.7001718118010,29.143135199824200,0
2024-01-25 23:00:00,13.269489301318300,7164.107909846530,14.24900793696960,0
2024-01-26 00:00:00,23.514805045773200,1615.7518652780700,63.32621199228190,0
2024-01-26 01:00:00,32.287227122556700,2654.635340712610,6.378871447467480,0
2024-01-26 02:00:00,24.160838742139700,1890.5855775932100,75.1158781784938,0
2024-01-26 03:00:00,17.096202700564400,2904.470816072310,32.44109273085060,0
2024-01-26 04:00:00,19.650869688048100,648.4483576941380,1.0133346074440500,0
2024-01-26 05:00:00,46.86230144261810,4200.572348175340,51.60178478448580,0
2024-01-26 06:00:00,26.5066974724634,634.1392523784980,5.638338944232710,0
2024-01-26 07:00:00,39.14158888384600,6422.816411796660,28.34078622426910,0
2024-01-26 08:00:00,50.27338166838860,1946.325447092420,70.99067225811590,1
2024-01-26 09:00:00,65.23158629034920,4366.094125375630,7.20627254056472,1
2024-01-26 10:00:00,13.144971187287900,7052.62479173552,84.09451074324420,0
2024-01-26 11:00:00,73.95283191272340,5241.931215472830,1.3781723431997300,0
2024-01-26 12:00:00,60.23203115927260,4310.366513755550,25.43556305098830,0
2024-01-26 13:00:00,16.540722555909800,2662.2366496114700,74.34950155905510,0
2024-01-26 14:00:00,79.88628992854220,2730.715113159760,32.310744823201400,0
2024-01-26 15:00:00,83.66979204254510,5388.946946065700,11.08734641853530,0
2024-01-26 16:00:00,14.8862367883891,7953.700953647220,36.66315796124240,0
2024-01-26 17:00:00,32.1502118517763,5328.529599810090,27.768935352068000,0
2024-01-26 18:00:00,74.4961023834449,4506.488997223200,84.42847831389490,0
2024-01-26 19:00:00,69.86077523069270,5872.1390308900400,32.021443840929200,0
2024-01-26 20:00:00,24.761681548510200,3775.1243370413700,79.10431470582470,0
2024-01-26 21:00:00,26.747945866936800,575.1245065462030,89.29534233626270,0
2024-01-26 22:00:00,39.63776822331060,4542.144845435490,43.94792453807640,0
2024-01-26 23:00:00,48.761838815281700,7665.239747592500,91.0843712415848,0
2024-01-27 00:00:00,59.460381722423700,1484.8932446255100,38.354487342356100,0
2024-01-27 01:00:00,39.51309116558180,5551.03863748326,96.44376323252070,0
2024-01-27 02:00:00,47.002777290651800,1687.3761404065500,9.83966292803172,0
2024-01-27 03:00:00,69.79767505070050,4333.038707337340,69.01490738382100,0
2024-01-27 04:00:00,12.934656231247800,863.743952209085,49.887590005235900,0
2024-01-27 05:00:00,30.19495554752170,3657.9303964396600,39.37723174010910,0
2024-01-27 06:00:00,67.0679668707642,6073.690298272440,63.63847599611150,0
2024-01-27 07:00:00,81.61654701497600,2845.8150414879600,70.68185207179880,0
2024-01-27 08:00:00,50.93419536925330,5352.802623449020,1.4319636953806000,0
2024-01-27 09:00:00,52.569078821225300,6384.0546902388600,17.528355785972700,0
2024-01-27 10:00:00,18.573760907182100,7424.704773887680,71.59155901279760,0
2024-01-27 11:00:00,45.79298934587640,1953.672446658080,66.97215594424250,0
2024-01-27 12:00:00,52.60938131640190,3254.5957348935300,96.63870300773900,1
2024-01-27 13:00:00,29.397640290778400,1304.0865053103000,76.34274123482750,0
2024-01-27 14:00:00,31.539458475950500,7940.6196670511600,95.12649806540250,0
2024-01-27 15:00:00,40.18273304836980,7423.307646601930,70.55150965194590,0
2024-01-27 16:00:00,11.60569582221810,4365.661329216420,30.507168655304900,0
2024-01-27 17:00:00,35.76633324665430,6752.063025573730,11.43112730283480,1
2024-01-27 18:00:00,26.91584055972360,4215.568020449130,78.40056247114860,0
2024-01-27 19:00:00,36.19978817423320,5026.326935221800,64.77077292611570,0
2024-01-27 20:00:00,19.580970545540100,804.0830137165310,5.7704152269363300,0
2024-01-27 21:00:00,81.2421824591916,6066.636321924780,36.64499612419690,0
2024-01-27 22:00:00,57.48739628432390,1108.936520718360,95.72318173294430,0
2024-01-27 23:00:00,64.32818553155920,6625.934278994970,50.53971342530990,0
2024-01-28 00:00:00,73.13369908858710,6278.021892596050,43.840184465950800,0
2024-01-28 01:00:00,49.87537591432460,5699.083112169510,46.31226091077010,1
2024-01-28 02:00:00,16.953623046993900,385.6670061456210,21.67938967651120,0
2024-01-28 03:00:00,52.968523345483800,2494.714011968100,37.50200991561470,0
2024-01-28 04:00:00,56.94728944167030,2178.5893022956600,37.611512342730500,0
2024-01-28 05:00:00,69.6351579347464,2945.077619025000,6.183146998559770,0
2024-01-28 06:00:00,44.53276369837440,792.3776994343240,76.98919522327390,0
2024-01-28 07:00:00,20.2064242236451,7501.966801945400,42.23393875848400,0
2024-01-28 08:00:00,32.702072463898000,4475.037701627770,82.39580879482590,0
2024-01-28 09:00:00,39.046583711890800,2513.642054198390,85.18445211086960,0
2024-01-28 10:00:00,61.6733793065281,3236.153984886840,21.98741141516720,0
2024-01-28 11:00:00,55.662264373513000,3632.9000699882000,66.07799473484270,1
2024-01-28 12:00:00,38.4877380718277,4844.695233548880,47.75589861213520,0
2024-01-28 13:00:00,88.92121990343840,4173.867478802330,88.13551705422700,0
2024-01-28 14:00:00,58.46198554855100,7363.196588393900,22.35832723846900,0
2024-01-28 15:00:00,28.97814333887960,4026.011514956060,68.10350683069440,0
2024-01-28 16:00:00,18.1425978096323,7938.048317104170,61.167460103019500,0
2024-01-28 17:00:00,22.22873113474660,6826.257166186260,30.234846279611400,0
2024-01-28 18:00:00,29.67661827076070,1747.233063422950,14.523489461466100,0
2024-01-28 19:00:00,22.854509860764500,7451.7021956869400,65.51233628725040,0
2024-01-28 20:00:00,24.92536192410450,1019.2945432952600,74.12114835510070,0
2024-01-28 21:00:00,32.807613495507800,6557.852697080410,32.24710703257170,0
2024-01-28 22:00:00,23.869887623580400,3106.9240184649800,64.83842779820910,0
2024-01-28 23:00:00,81.74123397011400,7035.997131516050,40.11795985353880,0
2024-01-29 00:00:00,16.418699652931400,6957.6478518488600,71.60748144497920,0
2024-01-29 01:00:00,51.960911165620400,6466.810660929210,20.72231221451130,0
2024-01-29 02:00:00,42.83174615917290,6341.240446825790,89.13128526098130,0
2024-01-29 03:00:00,88.59028935268850,2506.9651988745200,29.453550050092400,0
2024-01-29 04:00:00,18.963112173444200,739.2623361048920,37.410812787859100,0
2024-01-29 05:00:00,41.82844792365930,3283.5434122447800,6.751103255954630,0
2024-01-29 06:00:00,87.55763466202950,1470.8436683934200,12.039709019806400,0
2024-01-29 07:00:00,79.24057007151840,5590.1136023294500,52.070328368520500,0
2024-01-29 08:00:00,75.3657656759424,2834.187839648510,27.49167499606920,0
2024-01-29 09:00:00,30.632226163595200,7807.3205867933300,83.71254234847720,0
2024-01-29 10:00:00,23.671006991205300,5163.679411028120,2.4546454768404300,0
2024-01-29 11:00:00,63.49145759395450,6597.596452711450,38.530310818521700,0
2024-01-29 12:00:00,84.35007913020690,1146.9449146606000,34.397209130140200,0
2024-01-29 13:00:00,54.541031441114400,6909.914409953720,2.9134354608425000,0
2024-01-29 14:00:00,55.72901515759200,7389.781805055820,13.312471501050500,1
2024-01-29 15:00:00,32.39832749282270,3947.7891586695900,41.95062481694490,0
2024-01-29 16:00:00,71.55943465535500,4889.398208232720,49.793593860297200,0
2024-01-29 17:00:00,24.96349988460190,6141.997427133660,41.02468497823200,0
2024-01-29 18:00:00,35.89433891233950,1481.2251553572600,53.56283016279730,0
2024-01-29 19:00:00,44.034915089313300,4070.2720040612000,59.91803581566250,0
2024-01-29 20:00:00,50.6088302947564,3249.4379194012700,1.9824582916557300,0
2024-01-29 21:00:00,29.39277859320640,1256.354538081770,46.945420785896900,0
2024-01-29 22:00:00,19.186945979136300,3003.521936103100,96.38642484787120,0
2024-01-29 23:00:00,58.849603395330600,638.5612441453990,52.384195732825300,0
2024-01-30 00:00:00,33.09044425922050,303.9140649009470,68.07668447843640,1
2024-01-30 01:00:00,56.49905771380900,1167.8136843231000,31.874521933771400,0
2024-01-30 02:00:00,22.349017221936200,7708.609381554470,77.62514643712350,1
2024-01-30 03:00:00,48.4912081483854,4441.283333570630,77.51922670573540,0
2024-01-30 04:00:00,52.60715460412690,7729.995073110440,52.608308717759800,0
2024-01-30 05:00:00,14.145882945794200,3516.7332388080400,97.62536850464210,0
2024-01-30 06:00:00,36.92834225551370,2563.3474513735500,13.429471261502700,0
2024-01-30 07:00:00,20.75317415511790,4098.520716437930,2.6778188240685200,0
2024-01-30 08:00:00,15.06999763782140,3572.14234019999,77.2456629639525,1
2024-01-30 09:00:00,89.19681859119560,934.7510056677770,80.90839819912340,0
2024-01-30 10:00:00,35.788307597977800,5162.52788605263,12.900515682937000,0
2024-01-30 11:00:00,74.7899556683708,1806.701641825840,27.292700462902,0
2024-01-30 12:00:00,30.371252381101100,4994.7448436928500,2.737683973296260,0
2024-01-30 13:00:00,64.52021777791430,5236.588629945410,30.037552467275900,1
2024-01-30 14:00:00,70.81822879117490,1300.99633971632,77.54104551794850,0
2024-01-30 15:00:00,57.651099248627500,584.6620541742780,52.278092243545300,0
2024-01-30 16:00:00,47.72609508401270,6268.016529940670,35.46146372366050,0
2024-01-30 17:00:00,42.947273131781500,3732.4233477776300,37.802190195726700,0
2024-01-30 18:00:00,37.90946132343960,559.4939844932590,1.1340089458313500,1
2024-01-30 19:00:00,84.36233153982610,7959.44390564116,30.680252228958400,0
2024-01-30 20:00:00,76.44955262301830,556.4664318712960,64.99941542215510,0
2024-01-30 21:00:00,87.20215285332100,5590.77830798257,97.44524993781940,0
2024-01-30 22:00:00,19.943777878843600,7871.063509580970,84.85902187140610,0
2024-01-30 23:00:00,68.46939801629150,1989.5228233058100,3.3359014999073800,0
2024-01-31 00:00:00,85.06723654568300,1223.7700126288500,89.9574998628091,0
2024-01-31 01:00:00,24.498645293252800,1058.9410214371900,78.53664291656400,0
2024-01-31 02:00:00,15.3197013893422,2495.873665784010,78.25723623352710,1
2024-01-31 03:00:00,69.28965194320470,898.2619069841090,46.341580141353600,0
2024-01-31 04:00:00,55.95784905439300,5568.074599383640,40.40252400249580,0
2024-01-31 05:00:00,77.34630214066180,592.1052052274950,30.98865715448610,1
2024-01-31 06:00:00,21.18179013010320,4124.434812383340,7.503791036482210,0
2024-01-31 07:00:00,73.62138494879120,7973.905145438520,23.59530098587620,0
2024-01-31 08:00:00,26.130185603819600,6530.365129097550,25.41375986282440,0
2024-01-31 09:00:00,23.09247542925640,4960.233562024990,48.92362990131000,0
2024-01-31 10:00:00,23.141263834479400,2519.403604214230,74.99699625307270,0
2024-01-31 11:00:00,75.16597761851060,5028.777106703940,47.907173011396700,1
2024-01-31 12:00:00,63.21577765569600,4263.627564902050,6.7266004952689,0
2024-01-31 13:00:00,51.845233981529500,3466.058732733940,95.82119029783220,0
2024-01-31 14:00:00,38.7064387298802,1132.6119762475800,94.32970759031710,0
2024-01-31 15:00:00,80.17604326504870,7104.173300399690,78.73376477169240,0
2024-01-31 16:00:00,41.395608593810800,3653.298725688450,99.14146225485780,0
2024-01-31 17:00:00,75.32795515772620,1637.517843384040,54.90375094722600,0
2024-01-31 18:00:00,45.13079268561750,3005.298871930590,96.3140666750674,0
2024-01-31 19:00:00,40.155554353992600,3371.6250449785200,8.484899021058330,0
2024-01-31 20:00:00,47.01438285356850,6637.549374978310,37.20239407787580,1
2024-01-31 21:00:00,34.110229933131400,5895.553606435080,23.31274553266980,0
2024-01-31 22:00:00,69.80875041410010,6177.508659766580,20.387475329292700,0
2024-01-31 23:00:00,50.217631207398300,187.14698898631300,14.939491940374900,0
2024-02-01 00:00:00,28.577015611745400,3387.616585620120,62.61895051503370,0
2024-02-01 01:00:00,81.96596586196550,3902.6187979190600,78.3508637189832,0
2024-02-01 02:00:00,40.711297709856900,251.6189869021480,58.251541542615700,0
2024-02-01 03:00:00,53.48422888911910,2152.52434908577,15.549308249232800,0
2024-02-01 04:00:00,82.51776887716380,6106.289602664870,81.30125322341360,0
2024-02-01 05:00:00,59.93903967311940,1183.1666752590900,63.95951600920910,0
2024-02-01 06:00:00,19.351843256669100,4328.950038475470,39.42840490657260,0
2024-02-01 07:00:00,85.18656988907800,1800.0947889361800,67.73889925807020,1
2024-02-01 08:00:00,60.216644245713400,195.75411968675700,26.730592945040500,0
2024-02-01 09:00:00,36.79244917256690,2005.4915150363800,35.17402864092680,0
2024-02-01 10:00:00,21.141765813071000,7809.402663789430,91.83109847006700,0
2024-02-01 11:00:00,73.52201514162370,6432.143183875620,29.759946061470600,0
2024-02-01 12:00:00,59.60582047428110,7680.655490136160,47.52883854763570,0
2024-02-01 13:00:00,52.67688735810570,3954.0469470182600,89.12397260220550,0
2024-02-01 14:00:00,81.51140664407660,966.9159695522780,71.06441367648520,0
2024-02-01 15:00:00,73.08777689796250,4428.879962892170,7.158119390305570,0
2024-02-01 16:00:00,22.133990378620100,3689.580943023690,15.583001383618100,0
2024-02-01 17:00:00,34.93776542364390,6770.420953642970,1.776317486419770,0
2024-02-01 18:00:00,29.87913118515730,874.8523881955320,63.461257232687200,0
2024-02-01 19:00:00,69.51570340581420,3957.1049824720500,45.31966911563140,0
2024-02-01 20:00:00,12.68259477886240,1285.3844510824800,14.293210239325300,0
2024-02-01 21:00:00,55.59117478970530,2664.9398224314700,95.83547798462030,0
2024-02-01 22:00:00,70.99669485925520,5925.120911363620,53.43631267061640,0
2024-02-01 23:00:00,80.14125094094000,3860.5432220132600,24.94743611717600,0
2024-02-02 00:00:00,37.366539897272600,3069.5174526515800,50.559753544316000,0
2024-02-02 01:00:00,75.70058437376100,3216.362600703280,68.28241294077570,0
2024-02-02 02:00:00,18.850538956416600,3729.6294704072900,8.547682579382880,0
2024-02-02 03:00:00,77.71618333876150,6301.630696312750,28.195677689741300,1
2024-02-02 04:00:00,20.199092986558600,7147.469042627850,80.88958359751540,0
2024-02-02 05:00:00,41.78298324482940,7647.144023381030,46.50682216986350,0
2024-02-02 06:00:00,73.78362926236430,6316.536751416830,55.1111370611972,0
2024-02-02 07:00:00,21.993394187901900,2591.7144764093000,43.84878421873750,1
2024-02-02 08:00:00,28.340111618611300,5536.264178083680,5.346094321657510,0
2024-02-02 09:00:00,67.7802054714453,3557.064680037600,17.409228202195400,0
2024-02-02 10:00:00,67.60292292368600,2111.897914163800,45.1086222354472,0
2024-02-02 11:00:00,61.29181063082380,6742.885477464790,21.709361075384900,0
2024-02-02 12:00:00,65.515875557368,403.56815680236700,5.947923837308200,0
2024-02-02 13:00:00,53.417955467807700,7223.919737869850,84.52131674113060,0
2024-02-02 14:00:00,30.14392471255620,3745.6719705354,98.13806038724750,0
2024-02-02 15:00:00,37.65567948031360,5133.8916667854200,79.5211445256772,0
2024-02-02 16:00:00,24.527817344114100,5308.895985425680,85.52470724876200,0
2024-02-02 17:00:00,82.67604490669030,7171.430151581640,24.95573590138750,0
2024-02-02 18:00:00,56.671343581289600,5129.690489120940,96.10207057580680,0
2024-02-02 19:00:00,42.06811334109120,4950.075319604490,20.49564474088940,0
2024-02-02 20:00:00,46.96046429153060,626.5511204294510,95.1915512258214,0
2024-02-02 21:00:00,85.78266716894520,4195.423373367110,99.48711010262920,1
2024-02-02 22:00:00,22.268112249286400,1286.335106454630,71.46055776885880,0
2024-02-02 23:00:00,56.89838656134380,5925.726772899740,98.13322944739040,0
2024-02-03 00:00:00,50.47109431075730,4146.553174420130,57.38443817714330,0
2024-02-03 01:00:00,58.91633883477180,5473.7994557459900,26.69463653443290,0
2024-02-03 02:00:00,11.44881470566720,429.2159147588360,44.26259268089650,0
2024-02-03 03:00:00,79.76991271553210,769.8569267618450,59.76253260249980,0
2024-02-03 04:00:00,84.56946259868900,5758.95476569519,8.235074640674480,0
2024-02-03 05:00:00,55.21065468713670,669.4662543895200,62.611983197107400,0
2024-02-03 06:00:00,65.73206591015140,662.9281493455430,98.13660583946720,0
2024-02-03 07:00:00,83.79995049418370,195.65695435561100,19.820657328589000,0
2024-02-03 08:00:00,66.57909074507190,7656.361046565890,79.46691651254990,0
2024-02-03 09:00:00,22.20312343314090,5926.3160397261500,90.88198058418230,1
2024-02-03 10:00:00,56.103068813345100,2890.686127166310,94.42645768920190,0
2024-02-03 11:00:00,58.537203710628500,2442.631092172480,96.05342483613930,1
2024-02-03 12:00:00,43.93045370419090,2862.6555149922100,52.624504233425700,0
2024-02-03 13:00:00,68.91553884997780,6219.762896331340,97.75348289115890,1
2024-02-03 14:00:00,84.74936118152120,5324.827827456270,75.97371050630940,0
2024-02-03 15:00:00,84.04548103254210,1563.0449861530000,17.005472187459200,0
2024-02-03 16:00:00,46.06714971233060,1475.4637491392700,48.213110540329000,0
2024-02-03 17:00:00,19.05904366726040,877.3256327358390,72.1147863618284,0
2024-02-03 18:00:00,88.78729591698680,5316.391485640570,25.48669126608930,0
2024-02-03 19:00:00,77.11184691567470,6138.544031551710,64.42090317133990,0
2024-02-03 20:00:00,19.97301449626140,2193.8667837675300,66.9934474256153,0
2024-02-03 21:00:00,83.66735060938980,265.4651921442110,17.10727463704800,0
2024-02-03 22:00:00,79.59170896497030,749.156173063776,56.943445932822900,0
2024-02-03 23:00:00,51.50704457008580,7746.094275275740,77.39106418688220,0
2024-02-04 00:00:00,57.30203485959430,2434.01374207162,50.39067078905830,0
2024-02-04 01:00:00,41.920216309610400,6176.862867921260,2.198208560834640,0
2024-02-04 02:00:00,14.380931105762500,5034.842193948680,1.8948084388499300,0
2024-02-04 03:00:00,36.815779331672100,3117.3231532578800,36.3459050530312,0
2024-02-04 04:00:00,74.22827588784090,1724.9293713448900,92.69321277474640,0
2024-02-04 05:00:00,10.370561840368200,1058.9527034593100,23.63900118075730,0
2024-02-04 06:00:00,36.679933735291500,4958.602447507050,63.802005198297000,0
2024-02-04 07:00:00,41.85349548727550,6219.606867038530,22.985511198638700,0
2024-02-04 08:00:00,52.99164823503380,5186.843602974930,32.84532897629530,0
2024-02-04 09:00:00,83.58844931302090,4289.386852668350,84.95616687054690,0
2024-02-04 10:00:00,37.707679549276900,431.4146651099270,73.15728278472470,0
2024-02-04 11:00:00,37.75625615169820,7751.061342995630,10.444528454007900,0
2024-02-04 12:00:00,69.00009984877990,6409.842114071140,43.441500077656900,0
2024-02-04 13:00:00,46.17743527118460,2413.2940899376200,3.8878066008811800,0
2024-02-04 14:00:00,27.968385835198600,7841.76560193492,48.60812451369790,0
2024-02-04 15:00:00,46.195161290615500,4854.864558126950,66.58096715840570,0
2024-02-04 16:00:00,21.26856163038400,4701.138999837250,12.731759736217000,0
2024-02-04 17:00:00,24.110958920497900,6009.778117493300,29.5996089520074,0
2024-02-04 18:00:00,49.869421819158400,6512.9813259120900,40.38582592471350,0
2024-02-04 19:00:00,43.514035960363800,5286.180997918870,92.03357144094890,0
2024-02-04 20:00:00,83.187672085448,1111.9563962929800,99.33224652687340,1
2024-02-04 21:00:00,38.99151192933070,2772.3132973565400,5.446218600565970,0
2024-02-04 22:00:00,56.44706802224350,7431.860758575790,76.3397844260438,1
2024-02-04 23:00:00,60.58114303356240,1874.4633335664300,37.80068257383200,0
2024-02-05 00:00:00,11.047556527066700,3040.1194883163600,39.853360436718500,0
2024-02-05 01:00:00,63.08298976133690,3513.4073752591500,75.67223236135520,0
2024-02-05 02:00:00,24.242877349580100,3571.299418586170,91.92421678239550,0
2024-02-05 03:00:00,86.88562539755640,4942.222701706750,95.14193085575230,0
2024-02-05 04:00:00,21.893018220249000,7550.29911818319,58.135136017793800,0
2024-02-05 05:00:00,43.1699298981619,2001.4724234767900,36.35499477074980,0
2024-02-05 06:00:00,16.82797344629150,1059.8608727772500,78.96735950001910,1
2024-02-05 07:00:00,89.74994014767580,1660.0168698935000,25.849136942967700,0
2024-02-05 08:00:00,50.175600826499400,7106.706711653230,56.843328854518300,0
2024-02-05 09:00:00,57.630801385603500,5201.905419976130,36.49926769096240,0
2024-02-05 10:00:00,15.366118191074200,2358.663634989370,66.00647629707970,0
2024-02-05 11:00:00,69.99683763193420,6545.980817852080,24.799492376457200,0
2024-02-05 12:00:00,26.79244744764690,6904.8229712711400,19.96770162774780,0
2024-02-05 13:00:00,81.84434315525710,6787.463275653200,91.90566958086830,1
2024-02-05 14:00:00,26.411171238560600,7359.519615752480,11.078564612004200,0
2024-02-05 15:00:00,25.255017653093300,2092.7040593695600,51.08983286575820,0
2024-02-05 16:00:00,12.92397342784760,6064.831237095600,22.864425513337900,0
2024-02-05 17:00:00,47.765355608799900,3738.262028465710,4.854066369241080,0
2024-02-05 18:00:00,55.187290661009300,6751.788567831490,4.565863010851210,0
2024-02-05 19:00:00,15.25669115426820,5855.076349576740,18.346955438476900,0
2024-02-05 20:00:00,72.04220933560080,6233.9348273478200,86.81026509609400,0
2024-02-05 21:00:00,46.26310677984220,5283.678517680470,28.96539565372560,0
2024-02-05 22:00:00,51.951221546206400,1501.6872788106800,95.09545788695430,0
2024-02-05 23:00:00,45.26101975505830,4405.712659285810,58.58060700593020,0
2024-02-06 00:00:00,42.06104487002610,7878.8909422436100,44.22480478710780,0
2024-02-06 01:00:00,54.771226504657400,7505.3657253272400,58.428794632276,0
2024-02-06 02:00:00,22.419219674457,441.0725127963920,52.153140137400500,0
2024-02-06 03:00:00,24.55425043962170,1402.0370442625500,76.11884912197520,0
2024-02-06 04:00:00,78.94284968108140,1140.657310291040,28.967110531312400,0
2024-02-06 05:00:00,85.68923697069060,5835.241288883830,35.951988768429900,0
2024-02-06 06:00:00,39.864745302380200,6560.504105869870,89.51533595079180,0
2024-02-06 07:00:00,31.659573851484300,1786.7397938543100,94.69919480189010,0
2024-02-06 08:00:00,61.51996345912130,4096.236274319450,89.36326452116100,0
2024-02-06 09:00:00,42.698733687847700,6741.55392128848,42.525351401774000,0
2024-02-06 10:00:00,12.030908452827600,5889.132203653380,78.25618479768130,0
2024-02-06 11:00:00,22.49220778929520,4383.6739233856000,48.157237596808800,0
2024-02-06 12:00:00,67.2777783077918,4763.746754624310,50.25644536246410,0
2024-02-06 13:00:00,62.71391535281210,4116.048320638610,21.263330796671100,0
2024-02-06 14:00:00,12.16767940027870,2450.6327654186800,59.52190002259310,0
2024-02-06 15:00:00,27.757772954636000,4563.673743586230,19.427453877581400,0
2024-02-06 16:00:00,28.485983727045700,5542.193886195720,33.824905207652200,0
2024-02-06 17:00:00,63.751419487898300,6999.251035300380,85.64798996037360,0
2024-02-06 18:00:00,11.576843020349100,5126.70169643606,21.500505111874700,1
2024-02-06 19:00:00,18.32868655876590,6112.860142640950,8.04467023216985,0
2024-02-06 20:00:00,73.99328682985520,1364.5659161411300,7.831751668668810,0
2024-02-06 21:00:00,24.28357296434670,3746.30404791634,94.13766752980770,1
2024-02-06 22:00:00,62.219688628150000,173.71979663403700,51.185123358221600,1
2024-02-06 23:00:00,29.05462248373810,2048.7630297208200,41.53179510988480,0
2024-02-07 00:00:00,17.955311420747600,5839.047549392740,81.27697951978390,0
2024-02-07 01:00:00,29.453775279956300,7935.298615659970,83.74676686314110,0
2024-02-07 02:00:00,67.78135454845270,883.5069867390060,33.88691227844490,0
2024-02-07 03:00:00,78.45571744850290,3271.805095304180,69.66818768990570,0
2024-02-07 04:00:00,76.41758916535930,6420.56065272336,77.34115876933680,0
2024-02-07 05:00:00,41.77468236947640,1711.8815135683000,65.8104179997295,0
2024-02-07 06:00:00,63.44681092565170,4485.171099488060,16.007912405209800,0
2024-02-07 07:00:00,26.398743633265700,5891.263238634430,87.71242526818860,0
2024-02-07 08:00:00,33.45181842088110,4966.285057055420,54.37036072086490,0
2024-02-07 09:00:00,81.70686548168960,1585.3954034617900,28.964770210630400,0
2024-02-07 10:00:00,11.040153880858900,2907.5380926173400,43.0975903583317,0
2024-02-07 11:00:00,16.840682468357400,6291.9550974346400,4.719537949491830,0
2024-02-07 12:00:00,26.630900411682200,4478.389461642930,13.658813321019300,0
2024-02-07 13:00:00,12.122576309905600,141.31394698901100,76.78912830107020,0
2024-02-07 14:00:00,24.514834807183800,6111.827004221940,1.0011518407812500,1
2024-02-07 15:00:00,56.643324877575400,378.9597040278890,42.24001701974690,0
2024-02-07 16:00:00,43.713964047399800,5991.296883576730,52.72850792747330,0
2024-02-07 17:00:00,81.41373688615800,1699.5964253053800,6.408807580096260,0
2024-02-07 18:00:00,75.39548493907530,7668.780492943100,97.33473813426100,0
2024-02-07 19:00:00,37.34538813583010,3006.7319352864700,23.38640779371750,0
2024-02-07 20:00:00,30.7538746745034,2682.759769070830,31.115673243991800,0
2024-02-07 21:00:00,40.375392653381400,1276.215597626310,31.090308713247700,0
2024-02-07 22:00:00,57.22359540118460,2514.2733023727000,23.81124954961760,0
2024-02-07 23:00:00,31.4450912658301,7025.541018442790,1.1459083865448300,0
2024-02-08 00:00:00,59.93191262793070,7971.041267255250,73.20513461471160,0
2024-02-08 01:00:00,42.752932175299200,3009.6452910041000,96.71770448012930,1
2024-02-08 02:00:00,54.16377446815840,3644.0239845408900,23.20505484521950,1
2024-02-08 03:00:00,44.890122330825300,5804.360411801620,66.64167198853880,0
2024-02-08 04:00:00,33.55726076335340,7100.946665674090,74.4477363689128,0
2024-02-08 05:00:00,85.87626455697250,4785.050240075600,84.99411252996200,0
2024-02-08 06:00:00,71.08846353278090,3193.0530156048500,42.8402905043473,0
2024-02-08 07:00:00,21.209054061316200,3359.7125427041300,30.990159658402500,0
2024-02-08 08:00:00,79.47743807183300,5595.383357324770,33.20421826828010,1
2024-02-08 09:00:00,48.99449585996110,125.42428247380200,71.54951197675280,0
2024-02-08 10:00:00,81.56417815152730,4994.755765932740,81.86116718405800,0
2024-02-08 11:00:00,73.98842047578520,2908.394782486720,18.979782807903700,0
2024-02-08 12:00:00,44.017080357538700,6374.158917088970,37.72315980761880,1
2024-02-08 13:00:00,11.797544665609400,834.626054602744,90.29207947816590,0
2024-02-08 14:00:00,31.494188750795700,4746.797908892290,80.86265844977920,0
2024-02-08 15:00:00,53.330737172869400,3899.6858301003800,98.5009818734851,0
2024-02-08 16:00:00,60.67825758609180,5174.371654651300,75.670577708526,0
2024-02-08 17:00:00,30.631014834656200,612.3433964154500,39.9263249017643,0
2024-02-08 18:00:00,21.14848592582590,4681.871920682240,59.47314556546910,1
2024-02-08 19:00:00,76.79441894394390,4535.728244880240,66.44041117048470,0
2024-02-08 20:00:00,88.75217445628420,4529.214745887750,8.767125815395270,0
2024-02-08 21:00:00,52.055214584214900,4867.552566111990,54.90519895128260,0
2024-02-08 22:00:00,23.734342867864300,5444.0967040882600,71.22276201878830,0
2024-02-08 23:00:00,31.784586121549500,6459.413097478080,17.564809096105000,0
2024-02-09 00:00:00,11.471254123797300,2231.5836890128900,78.28254002513020,0
2024-02-09 01:00:00,83.14390452483990,6617.89034042249,58.79350527089710,0
2024-02-09 02:00:00,19.42008663121130,4036.2198898812800,95.26995678406190,0
2024-02-09 03:00:00,56.121318041140300,708.7604051612160,5.199807522482280,0
2024-02-09 04:00:00,31.92441765497650,562.5523410274360,27.26728761799120,0
2024-02-09 05:00:00,54.33424020126350,2740.48271769888,60.55383405068260,0
2024-02-09 06:00:00,62.11363106814910,6300.686119180590,30.35943130838710,0
2024-02-09 07:00:00,76.37934429657610,5690.679384453240,71.72799224305300,0
2024-02-09 08:00:00,26.513701740848300,6330.058220912010,76.14152296967120,0
2024-02-09 09:00:00,10.879666292678400,4186.425545888720,11.14908044258100,0
2024-02-09 10:00:00,20.950850405504600,3577.5720838483800,51.871591956470000,0
2024-02-09 11:00:00,82.0014913478484,1264.8749609796400,51.380165003514500,0
2024-02-09 12:00:00,79.91120620500120,2692.722753513560,37.55879625133860,0
2024-02-09 13:00:00,57.79304817362470,3528.7529927736100,93.35956139439760,0
2024-02-09 14:00:00,58.04134883469230,799.9433944689760,82.9231256674489,0
2024-02-09 15:00:00,63.20293396370040,1842.834426418570,70.02372880905400,0
2024-02-09 16:00:00,24.029702289876000,4825.979823103540,71.71833693776480,1
2024-02-09 17:00:00,83.15295567399680,5911.7386024896000,46.70989823749880,0
2024-02-09 18:00:00,43.50164199136590,7986.945340004300,92.17845758856100,0
2024-02-09 19:00:00,40.65108225995980,7471.595317614110,69.76494729807530,0
2024-02-09 20:00:00,51.513416422627,5176.2650763280100,73.16912510392580,1
2024-02-09 21:00:00,13.757277342004400,3427.859621023170,86.30739947494720,0
2024-02-09 22:00:00,23.302669500486400,5125.801181195040,28.13308734487690,0
2024-02-09 23:00:00,69.04268931410960,6306.647782833830,80.9000194828036,0
2024-02-10 00:00:00,16.623893434010100,1034.85590829476,20.32881969269270,0
2024-02-10 01:00:00,58.252168757311100,3338.248628600680,35.1888532722439,0
2024-02-10 02:00:00,29.627928774505700,6734.438056521380,34.225434972714400,0
2024-02-10 03:00:00,41.143649123358100,3132.2803202710500,97.87402137052490,0
2024-02-10 04:00:00,33.09549894165600,4617.790942694770,85.79718515104480,0
2024-02-10 05:00:00,38.45381731719590,4743.377950811370,70.41581629743570,0
2024-02-10 06:00:00,67.52367241473960,1557.3623997557500,72.97861939992360,0
2024-02-10 07:00:00,33.769737249854,2961.6599890530800,56.645206645854500,0
2024-02-10 08:00:00,55.312371223751800,2742.639181061260,94.76197604374340,0
2024-02-10 09:00:00,48.08403217592800,306.95399740331200,50.12961653535380,0
2024-02-10 10:00:00,63.09369322901190,291.1149347417060,38.67125327711960,1
2024-02-10 11:00:00,84.94637914598060,6670.40664503861,17.14049835622750,0
2024-02-10 12:00:00,68.60576777682000,2257.259398785220,78.83435957384470,0
2024-02-10 13:00:00,27.195230287260500,4192.822253286640,73.70994927548360,0
2024-02-10 14:00:00,12.494650804902800,2459.932031351310,39.051148813889400,0
2024-02-10 15:00:00,30.98112354398600,7531.36603641119,3.4941479819637100,1
2024-02-10 16:00:00,57.60623445602040,2148.4443950396100,84.06073544408310,0
2024-02-10 17:00:00,14.114065078740000,3494.288820637590,2.1303803619532900,0
2024-02-10 18:00:00,49.70929977609890,6994.568978828350,70.66627818327610,0
2024-02-10 19:00:00,57.74742791335110,6751.275177655290,97.05545386287970,0
2024-02-10 20:00:00,36.73951126535690,1570.2012009855900,44.32847148667210,0
2024-02-10 21:00:00,71.67297629966580,6440.882147386110,24.262367094599300,0
2024-02-10 22:00:00,18.527860250701700,3719.676405229350,70.7822299942948,0
2024-02-10 23:00:00,16.0110225388647,3915.4540894743100,81.89568605954290,0
2024-02-11 00:00:00,68.25510049628830,1154.491782085960,55.09660129170690,0
2024-02-11 01:00:00,49.63930529649590,736.7519586812850,96.73649225035850,1
2024-02-11 02:00:00,65.07219171421890,5850.7205250927400,6.1152034441381500,0
2024-02-11 03:00:00,44.7861870882997,4022.043103606870,50.97476423214830,0
2024-02-11 04:00:00,29.712162659128500,3551.1205506599200,72.12694078493250,0
2024-02-11 05:00:00,75.52818541393600,5863.115006353930,86.40140664376870,0
2024-02-11 06:00:00,73.95327031751830,6147.551902029770,18.746305578871200,0
2024-02-11 07:00:00,65.57571766835410,1355.3745245878900,80.20034469460450,0
2024-02-11 08:00:00,31.771610978397000,4920.778680873370,55.71800049613600,0
2024-02-11 09:00:00,57.21845334952700,1169.2972499937200,40.25881451700640,0
2024-02-11 10:00:00,38.87791175520210,6035.863179629460,14.039787829330300,0
2024-02-11 11:00:00,17.326565866130700,5289.945734510400,86.66428013198230,0
2024-02-11 12:00:00,83.38508603697940,7657.255506559320,16.57004760979180,0
2024-02-11 13:00:00,20.945490473516900,644.7683292157270,31.668998061700800,0
2024-02-11 14:00:00,86.0189883056642,550.7322970949090,29.71450766428130,0
2024-02-11 15:00:00,45.68046183663650,2329.277890076280,87.26998938489460,0